,Locations,Hospital Name,Temp Locations 2,Principal Investigator,county,ICU Beds in the County,Composite Score,Total Successful Trials,state_name,ICU Beds true,Normalized Composite Scores,normalized_covid,normalized_sepsis,normalized_drowning,normalized_vaccination,normalized_flu,normalized_pneumonia,normalized_literacy,normalized_seniors,normalized_smoking,normalized_copd,normalized_health_insurance,normalized_incomes,score
0,"Vanderbilt University Medical Center, Nashville, Tennessee, United States","Vanderbilt University Medical Center, Nashville",Vanderbilt University Medical Center,"Christopher G Hughes, M.D.",Davidson,614.0,0.384689218,2.0,Tennessee,614.0,69.00921291,,,,,,,,,,,,,0.0
1,"Yale University, School of Medicine, Department of Internal Medicine, Section of Pulmonary and Critical Care Medicine, New Haven, Connecticut, United States","Yale University, School of Medicine",Yale University,"Wassim H Fares, MD MSc",South Central Connecticut Planning Region,,,1.0,Connecticut,,,,,,,,,,,,,,,0.0
262,"University of Arkansas for Medical Sciences (UAMS), Little Rock, Arkansas, United States","University of Arkansas for Medical Sciences (UAMS), Little Rock",University of Arkansas for Medical Sciences (UAMS),,Pulaski,8.0,0.432534222,0.0,Arkansas,209.0,83.8004656,,,,,,,,,,,,,0.0
261,"University of California Irvine, Irvine, California, United States","University of California Irvine, Irvine",University of California Irvine,,Orange,0.0,0.178217076,1.0,California,651.0,5.178480972,,,,,,,,,,,,,0.0
260,"New York University Grossman School of Medicine, New York, New York, United States","New York University Grossman School of Medicine, New York",New York University Grossman School of Medicine,"Laurent Brochard, MD",New York,761.0,,0.0,New York,761.0,,,,,,,,,,,,,,0.0
259,"Los Angeles County and USC Medical Center, Los Angeles, California, United States","Los Angeles County and USC Medical Center, Los Angeles",Los Angeles County and USC Medical Center,"Hing C Wong, PhD",Los Angeles,2126.0,0.184174979,1.0,California,2126.0,7.020362911,,,,,,,,,,,,,0.0
258,"Boston Children's Hospital, Boston, Massachusetts, United States","Boston Children's Hospital, Boston",Boston Children's Hospital,,Suffolk,281.0,0.317766372,3.0,Massachusetts,447.0,48.32005745,,,,,,,,,,,,,0.0
257,"University of Miami, Miami, Florida, United States","University of Miami, Miami",University of Miami,"Hing Wong, PhD",Miami-Dade,593.0,0.221949927,1.0,Florida,593.0,18.69846416,,,,,,,,,,,,,0.0
256,"Chiesi Clinical Trial Site 84029, Little Rock, Arkansas, United States","Chiesi Clinical Trial Site 84029, Little Rock",Chiesi Clinical Trial Site 84029,"Rangasamy Ramanathan, M.D.",Tooele,4.0,0.196963539,0.0,Utah,4.0,10.97393814,,,,,,,,,,,,,0.0
255,"University of California at San Francisco - Fresno, Fresno, California, United States","University of California at San Francisco - Fresno, Fresno",University of California at San Francisco - Fresno,,Fresno,164.0,0.193083545,2.0,California,164.0,9.774440449,,,,,,,,,,,,,0.0
254,"University of Alabama at Birmingham, Birmingham, Alabama, United States","University of Alabama at Birmingham, Birmingham",University of Alabama at Birmingham,"Steven Simonson, MD",Jefferson,471.0,0.48493457,6.0,Alabama,471.0,100.0,,,,,,,,,,,,,0.0
253,"University of California, San Francisco, California, United States","University of California, San Francisco",University of California,"Edward Abraham, MD",Orange,0.0,0.178217076,1.0,California,651.0,5.178480972,,,,,,,,,,,,,0.0
252,"Honor Health Research Institute, Scottsdale, Arizona, United States","Honor Health Research Institute, Scottsdale",Honor Health Research Institute,,Maricopa,1004.0,0.188377743,1.0,Arizona,1004.0,8.31964474,,,,,,,,,,,,,0.0
251,"Memorial Hermann Memorial City Medical Center, Houston, Texas, United States","Memorial Hermann Memorial City Medical Center, Houston",Memorial Hermann Memorial City Medical Center,,Harris,918.0,0.290090595,0.0,Texas,918.0,39.76410852,,,,,,,,,,,,,0.0
250,"University of Arkansas for Medical Sciences, Little Rock, Arkansas, United States","University of Arkansas for Medical Sciences, Little Rock",University of Arkansas for Medical Sciences,"Andy Clark, PhD",Pulaski,8.0,0.432534222,0.0,Arkansas,209.0,83.8004656,,,,,,,,,,,,,0.0
249,"Ohio State University, Columbus, Ohio, United States","Ohio State University, Columbus",Ohio State University,"Veronica Franco, MD",Franklin,0.0,0.372421808,1.0,Ohio,449.0,65.21675088,,,,,,,,,,,,,0.0
248,"University of California San Diego Health, La Jolla, California, United States","University of California San Diego Health, La Jolla",University of California San Diego Health,"Robert L Owens, MD",CAL Fire San Diego Unit,,,2.0,California,570.0,,,,,,,,,,,,,,0.0
247,"Henry Ford Health System, Detroit, Michigan, United States","Henry Ford Health System, Detroit",Henry Ford Health System,"Clark Howard, Prof. /MD",Wayne,0.0,0.372694747,0.0,Michigan,586.0,65.3011298,,,,,,,,,,,,,0.0
246,"VA San Diego Healthcare System, San Diego, California, United States","VA San Diego Healthcare System, San Diego",VA San Diego Healthcare System,,San Diego,570.0,0.184924401,1.0,California,570.0,7.252046248,,,,,,,,,,,,,0.0
245,"UCSF Fresno, Fresno, California, United States","UCSF Fresno, Fresno",UCSF Fresno,,Fresno,164.0,0.193083545,2.0,California,164.0,9.774440449,,,,,,,,,,,,,0.0
244,"University of Colorado Hospital, Aurora, Colorado, United States","University of Colorado Hospital, Aurora",University of Colorado Hospital,"Marc Moss, MD",Adams,0.0,0.223048163,0.0,Colorado,168.0,19.03798313,,,,,,,,,,,,,0.0
243,"Princeton Medical Center, Plainsboro, New Jersey, United States","Princeton Medical Center, Plainsboro",Princeton Medical Center,"Meeta Kerlin, MD, MSCE",Middlesex,0.0,0.328731542,0.0,New Jersey,185.0,51.70993282,,,,,,,,,,,,,0.0
242,"University Hospitals - Cleveland Medical Center, Cleveland, Ohio, United States","University Hospitals - Cleveland Medical Center, Cleveland",University Hospitals - Cleveland Medical Center,"Geoff Bellingan, MD",Cuyahoga,680.0,0.376333276,1.0,Ohio,680.0,66.42597874,,,,,,,,,,,,,0.0
263,"St. Alphonsus Medical Center, Boise, Idaho, United States","St. Alphonsus Medical Center, Boise",St. Alphonsus Medical Center,"Renee D. Stapleton, MD, MSc",Canyon,41.0,0.169450296,1.0,Idaho,41.0,2.468236487,,,,,,,,,,,,,0.0
264,"Vanderbilt_University MC, Nashville, Tennessee, United States","Vanderbilt_University MC, Nashville",Vanderbilt_University MC,"Carla M Sevin, MD",Davidson,614.0,0.384689218,0.0,Tennessee,614.0,69.00921291,,,,,,,,,,,,,0.0
277,"Uniformed Services University of the Health Sciences, Bethesda, Maryland, United States","Uniformed Services University of the Health Sciences, Bethesda",Uniformed Services University of the Health Sciences,"Jan Bakker, MD, PhD",Montgomery,22.0,0.337506251,0.0,Maryland,150.0,54.42262855,,,,,,,,,,,,,0.0
286,"Arkansas Children's Hospital, Little Rock, Arkansas, United States","Arkansas Children's Hospital, Little Rock",Arkansas Children's Hospital,"Martin Keszler, MD",Pulaski,8.0,0.432534222,1.0,Arkansas,209.0,83.8004656,,,,,,,,,,,,,0.0
285,"University California San Diego - Jacobs Medical Center, La Jolla, California, United States","University California San Diego - Jacobs Medical Center, La Jolla",University California San Diego - Jacobs Medical Center,"Yuh-Chin T Huang, MD, MHS",San Diego,570.0,0.184924401,1.0,California,570.0,7.252046248,,,,,,,,,,,,,0.0
284,"Wake Forest University Health Sciences, Winston-Salem, North Carolina, United States","Wake Forest University Health Sciences, Winston-Salem",Wake Forest University Health Sciences,"Peter E. Morris, MD",Forsyth,259.0,0.361796043,1.0,North Carolina,259.0,61.93180236,,,,,,,,,,,,,0.0
283,"Boston Medical Center, Boston, Massachusetts, United States","Boston Medical Center, Boston",Boston Medical Center,"George T O'Connor, MD",Suffolk,281.0,0.317766372,0.0,Massachusetts,447.0,48.32005745,,,,,,,,,,,,,0.0
282,"University of California San Francisco at Fresno, Fresno, California, United States","University of California San Francisco at Fresno, Fresno",University of California San Francisco at Fresno,Michael Matthay,Fresno,164.0,0.193083545,2.0,California,164.0,9.774440449,,,,,,,,,,,,,0.0
281,"Wake Forest School of Medicine, Winston-Salem, North Carolina, United States","Wake Forest School of Medicine, Winston-Salem",Wake Forest School of Medicine,"Peter E. Morris, MD",Forsyth,259.0,0.361796043,1.0,North Carolina,259.0,61.93180236,,,,,,,,,,,,,0.0
280,"LLUCH, Loma Linda, California, United States","LLUCH, Loma Linda",LLUCH,"Janeth Ejike, MD",,,,1.0,Illes Balears,,,,,,,,,,,,,,,0.0
278,"Loma Linda University Medical Center, Loma Linda, California, United States","Loma Linda University Medical Center, Loma Linda",Loma Linda University Medical Center,"Steve Simonson, MD",San Bernardino,410.0,0.189699319,1.0,California,410.0,8.728209124,,,,,,,,,,,,,0.0
276,"University of California at San Diego, La Jolla, California, United States","University of California at San Diego, La Jolla",University of California at San Diego,"Daniel S Talmor, MD, MPH",San Diego,570.0,0.184924401,2.0,California,570.0,7.252046248,,,,,,,,,,,,,0.0
275,"Mayo Clinic in Rochester, Rochester, Minnesota, United States","Mayo Clinic in Rochester, Rochester",Mayo Clinic in Rochester,"Gustavo Cortes Puentes, MD",Olmsted,218.0,0.217462963,2.0,Minnesota,218.0,17.31132208,,,,,,,,,,,,,0.0
274,"USA Children's & Women's Hospital, Mobile, Alabama, United States","USA Children's & Women's Hospital, Mobile",USA Children's & Women's Hospital,"James Cummings, MD",Mobile,157.0,0.457822218,1.0,Alabama,157.0,91.61823355,,,,,,,,,,,,,0.0
272,"AdventHealth Orlando, Orlando, Florida, United States","AdventHealth Orlando, Orlando",AdventHealth Orlando,"Amin Medjamia, MD",Orange,0.0,0.178217076,0.0,Florida,388.0,5.178480972,,,,,,,,,,,,,0.0
271,"The University of Arizona Health Sciences Center/ Banner Healthcare Systems Hospitals, Tucson, Arizona, United States","The University of Arizona Health Sciences Center/ Banner Healthcare Systems Hospitals, Tucson",The University of Arizona Health Sciences Center/ Banner Healthcare Systems Hospitals,"Sairam Parthasarathy, MD",Pima,296.0,0.186115489,2.0,Arizona,296.0,7.620270349,,,,,,,,,,,,,0.0
270,"Sharp Grossmont Hospital, La Mesa, California, United States","Sharp Grossmont Hospital, La Mesa",Sharp Grossmont Hospital,"Matthew Geriak, PharmD",San Diego,570.0,0.184924401,1.0,California,570.0,7.252046248,,,,,,,,,,,,,0.0
269,"University of California San Diego, San Diego, California, United States","University of California San Diego, San Diego",University of California San Diego,"Renee Stapleton, MD, PhD",San Diego,570.0,0.184924401,2.0,California,570.0,7.252046248,,,,,,,,,,,,,0.0
268,"Hennepin County Medical Center, Minneapolis, Minnesota, United States","Hennepin County Medical Center, Minneapolis",Hennepin County Medical Center,"Christopher Tignanelli, MD",Hennepin,311.0,0.214906439,2.0,Minnesota,311.0,16.52097431,,,,,,,,,,,,,0.0
267,"University Medical Center of Southern Nevada, Las Vegas, Nevada, United States","University Medical Center of Southern Nevada, Las Vegas",University Medical Center of Southern Nevada,,Clark,0.0,0.2179564,0.0,Nevada,535.0,17.46386782,,,,,,,,,,,,,0.0
241,"Robert W. Alexander, MD, FICS, LLC, Stevensville, Montana, United States","Robert W. Alexander, MD",Robert W. Alexander,"Robert W Alexander, MD",,,,0.0,Zuid-Holland,,,,,,,,,,,,,,,0.0
240,"East Baton Rouge EMS, Baton Rouge, Louisiana, United States","East Baton Rouge EMS, Baton Rouge",East Baton Rouge EMS,"Dan Godbee, MD",East Baton Rouge Parish,,,0.0,Louisiana,,,,,,,,,,,,,,,0.0
239,"Frederick Health Hospital, Frederick, Maryland, United States","Frederick Health Hospital, Frederick",Frederick Health Hospital,"Frank MP van Haren, MD, PhD",Frederick,0.0,0.346744248,0.0,Maryland,18.0,57.27854947,,,,,,,,,,,,,0.0
204,"Denver Health Medical Centre, Denver, Colorado, United States","Denver Health Medical Centre, Denver",Denver Health Medical Centre,"Niall D Ferguson, MD, MSc",,,,0.0,Colorado,,,,,,,,,,,,,,,0.0
213,"New York Presbyterian Hospital, New York, New York, United States","New York Presbyterian Hospital, New York",New York Presbyterian Hospital,"Niall Ferguson, MD, MSc",,,,0.0,New York,,,,,,,,,,,,,,,0.0
212,"Massachusetts General Hospital, Boston, Massachusetts, United States","Massachusetts General Hospital, Boston",Massachusetts General Hospital,"Rebecca Baron, MD",Suffolk,281.0,0.317766372,2.0,Massachusetts,447.0,48.32005745,,,,,,,,,,,,,0.0
211,"University of Kentucky Medical Center, Lexington, Kentucky, United States","University of Kentucky Medical Center, Lexington",University of Kentucky Medical Center,,Fayette,3.0,0.479679108,3.0,Kentucky,260.0,98.37527725,,,,,,,,,,,,,0.0
210,"UAB Hospital, Birmingham, Alabama, United States","UAB Hospital, Birmingham",UAB Hospital,"Waldemar A Carlo, MD",Jefferson,471.0,0.48493457,2.0,Alabama,471.0,100.0,,,,,,,,,,,,,0.0
209,"Emory University, Atlanta, Georgia, United States","Emory University, Atlanta",Emory University,"Jeffrey D Hasday, MD",DeKalb,4.0,0.359792718,1.0,Georgia,168.0,61.31247571,,,,,,,,,,,,,0.0
208,"Washington University School of Medicine, Saint Louis, Missouri, United States","Washington University School of Medicine, Saint Louis",Washington University School of Medicine,"F. Sessions Cole, MD",Jackson,,,0.0,Missouri,,,,,,,,,,,,,,,0.0
207,"Velocity Chula Vista, Chula Vista, California, United States","Velocity Chula Vista, Chula Vista",Velocity Chula Vista,"Susan Shelby, Ph.D.",San Diego,570.0,0.184924401,0.0,California,570.0,7.252046248,,,,,,,,,,,,,0.0
206,"The University of Michigan Cancer Center, Ann Arbor, Michigan, United States","The University of Michigan Cancer Center, Ann Arbor",The University of Michigan Cancer Center,"Gregory A Yanik, MD",Washtenaw,92.0,0.349973993,4.0,Michigan,92.0,58.27702309,,,,,,,,,,,,,0.0
205,"University of Michigan, Ann Arbor, Michigan, United States","University of Michigan, Ann Arbor",University of Michigan,"Kenneth Cooke, M.D.",Washtenaw,92.0,0.349973993,2.0,Michigan,92.0,58.27702309,,,,,,,,,,,,,0.0
203,"University of Chicago Medical Center, Chicago, Illinois, United States","University of Chicago Medical Center, Chicago",University of Chicago Medical Center,"John P Kress, MD",Cook,0.0,0.319824519,1.0,Illinois,1606.0,48.9563323,,,,,,,,,,,,,0.0
215,"Colin Grissom, Murray, Utah, United States","Colin Grissom, Murray",Colin Grissom,"Colin Grissom, MD",Salt Lake,282.0,0.192021026,0.0,Utah,282.0,9.445963373,,,,,,,,,,,,,0.0
201,"University of Virginia, Charlottesville, Virginia, United States","University of Virginia, Charlottesville",University of Virginia,"John F Hunt, MD",Albemarle,12.0,0.290677473,0.0,Virginia,12.0,39.94554148,,,,,,,,,,,,,0.0
200,"University of California San Francisco, San Francisco, California, United States","University of California San Francisco, San Francisco",University of California San Francisco,"Michael A Matthay, MD",,,,2.0,California,337.0,,,,,,,,,,,,,,0.0
199,"Valleywise Health Medical Center, Phoenix, Arizona, United States","Valleywise Health Medical Center, Phoenix",Valleywise Health Medical Center,Pliant Therapeutics,Maricopa,1004.0,0.188377743,0.0,Arizona,1004.0,8.31964474,,,,,,,,,,,,,0.0
198,"Dignity Health, Chandler, Arizona, United States","Dignity Health, Chandler",Dignity Health,"Amy Lightner, MD",Maricopa,1004.0,0.188377743,0.0,Arizona,1004.0,8.31964474,,,,,,,,,,,,,0.0
196,"University of Maryland Medical Center, Baltimore, Maryland, United States","University of Maryland Medical Center, Baltimore",University of Maryland Medical Center,"Dale M. Needham, MD, PhD",,,,2.0,Maryland,123.0,,,,,,,,,,,,,,0.0
195,"Texas Children's Hospital, Houston, Texas, United States","Texas Children's Hospital, Houston",Texas Children's Hospital,"Charles V Smith, PhD",Harris,918.0,0.290090595,1.0,Texas,918.0,39.76410852,,,,,,,,,,,,,0.0
194,"University of North Carolina Hospital at Chapel Hill, Chapel Hill, North Carolina, United States","University of North Carolina Hospital at Chapel Hill, Chapel Hill",University of North Carolina Hospital at Chapel Hill,"Daniel Lercher, MD",Orange,0.0,0.178217076,0.0,North Carolina,13.0,5.178480972,,,,,,,,,,,,,0.0
214,"University of Utah, Salt Lake City, Utah, United States","University of Utah, Salt Lake City",University of Utah,"Bradley Yoder, MD",Salt Lake,282.0,0.192021026,0.0,Utah,282.0,9.445963373,,,,,,,,,,,,,0.0
216,"Children's Hospital Central California, Fresno, California, United States","Children's Hospital Central California, Fresno",Children's Hospital Central California,"Anil Sapru, MD, MAS",Madera,10.0,0.198127805,1.0,California,10.0,11.33387023,,,,,,,,,,,,,0.0
228,"University of San Francisco-Fresno Medical Center, Fresno, California, United States","University of San Francisco-Fresno Medical Center, Fresno",University of San Francisco-Fresno Medical Center,"Arthur Wheeler, MD",Fresno,164.0,0.193083545,1.0,California,164.0,9.774440449,,,,,,,,,,,,,0.0
237,"University of Florida, Gainesville, Florida, United States","University of Florida, Gainesville",University of Florida,"Douglas Willson, MD",Alachua,210.0,0.228647823,0.0,Florida,210.0,20.76911447,,,,,,,,,,,,,0.0
236,"HonorHealth, Scottsdale, Arizona, United States","HonorHealth, Scottsdale",HonorHealth,,Maricopa,1004.0,0.188377743,1.0,Arizona,1004.0,8.31964474,,,,,,,,,,,,,0.0
235,"UC Davis Health, Sacramento, California, United States","UC Davis Health, Sacramento",UC Davis Health,,Yolo,14.0,0.185756482,0.0,California,14.0,7.509283562,,,,,,,,,,,,,0.0
234,"Methodist Dallas Medical Center, Dallas, Texas, United States","Methodist Dallas Medical Center, Dallas",Methodist Dallas Medical Center,"Kristen Rahmanzadeh, PharmD",Dallas,614.0,0.293183356,0.0,Texas,614.0,40.72023363,,,,,,,,,,,,,0.0
233,"Englewood Hospital and Medical Center, Englewood, New Jersey, United States","Englewood Hospital and Medical Center, Englewood",Englewood Hospital and Medical Center,,Bergen,147.0,,0.0,New Jersey,147.0,,,,,,,,,,,,,,0.0
232,"University of South Alabama - USA Children's and Women's Hospital, Mobile, Alabama, United States","University of South Alabama - USA Children's and Women's Hospital, Mobile",University of South Alabama - USA Children's and Women's Hospital,"Rangasamy Ramanathan, MD",Mobile,157.0,0.457822218,1.0,Alabama,157.0,91.61823355,,,,,,,,,,,,,0.0
231,"AHN Allegheny General Hospital, Pittsburgh, Pennsylvania, United States","AHN Allegheny General Hospital, Pittsburgh",AHN Allegheny General Hospital,"Tariq Cheema, MD",Allegheny,580.0,0.350498218,0.0,Pennsylvania,580.0,58.43908692,,,,,,,,,,,,,0.0
230,"University of Washington, Seattle, Washington, United States","University of Washington, Seattle",University of Washington,Eileen Bulger,King,450.0,0.211214428,2.0,Washington,450.0,15.37959145,,,,,,,,,,,,,0.0
229,"UCSF Fresno Community Regional Medical Center, Fresno, California, United States","UCSF Fresno Community Regional Medical Center, Fresno",UCSF Fresno Community Regional Medical Center,"Richard Albert, MD",Fresno,164.0,0.193083545,3.0,California,164.0,9.774440449,,,,,,,,,,,,,0.0
227,"William Beaumont Hospital, Royal Oak, Michigan, United States","William Beaumont Hospital, Royal Oak",William Beaumont Hospital,"Matthew Sims, MD PhD",Oakland,409.0,0.349430056,0.0,Michigan,409.0,58.10886531,,,,,,,,,,,,,0.0
226,"Southern Arizona VA Health Care System, Tucson, Arizona, United States","Southern Arizona VA Health Care System, Tucson",Southern Arizona VA Health Care System,"Sairam Parthasarathy, MD",Pima,296.0,0.186115489,1.0,Arizona,296.0,7.620270349,,,,,,,,,,,,,0.0
225,"University of California Davis Medical Center, Sacramento, California, United States","University of California Davis Medical Center, Sacramento",University of California Davis Medical Center,"Michael Matthay, MD",Sacramento,396.0,0.187571687,1.0,California,396.0,8.070453038,,,,,,,,,,,,,0.0
224,"National Institutes of Health Clinical Center, 9000 Rockville Pike, Bethesda, Maryland, United States","National Institutes of Health Clinical Center, 9000 Rockville Pike",National Institutes of Health Clinical Center,"Richard T Davey, M.D.",Montgomery,22.0,0.337506251,3.0,Maryland,150.0,54.42262855,,,,,,,,,,,,,0.0
222,"Tufts Medical Center, Boston, Massachusetts, United States","Tufts Medical Center, Boston",Tufts Medical Center,"Nicholas S. Hill, MD",Suffolk,281.0,0.317766372,3.0,Massachusetts,447.0,48.32005745,,,,,,,,,,,,,0.0
221,"George C. Shapiro, New York, New York, United States","George C. Shapiro, New York",George C. Shapiro,"George C Shapiro, MD, FACC",Prince George's,89.0,0.344198989,0.0,Maryland,89.0,56.49168426,,,,,,,,,,,,,0.0
220,"Rush University Medical Center, Chicago, Illinois, United States","Rush University Medical Center, Chicago",Rush University Medical Center,"Liam B McKeever, MS, PhD(c)",Cook,0.0,0.319824519,3.0,Illinois,1606.0,48.9563323,,,,,,,,,,,,,0.0
219,"Scripps Memorial Hospital La Jolla, La Jolla, California, United States","Scripps Memorial Hospital La Jolla, La Jolla",Scripps Memorial Hospital La Jolla,"Ernest E Moore, MD",San Diego,570.0,0.184924401,1.0,California,570.0,7.252046248,,,,,,,,,,,,,0.0
218,"University of Arizona, Tucson, Arizona, United States","University of Arizona, Tucson",University of Arizona,"Nida Qadir, MD",Pima,296.0,0.186115489,2.0,Arizona,296.0,7.620270349,,,,,,,,,,,,,0.0
287,"Stanford Univeristy, Stanford, California, United States","Stanford Univeristy, Stanford",Stanford Univeristy,"Daryl Kor, MD",Santa Clara,313.0,0.173702036,1.0,California,313.0,3.782659215,,,,,,,,,,,,,0.0
288,"Children's of Alabama, Birmingham, Alabama, United States","Children's of Alabama, Birmingham",Children's of Alabama,"Martha AQ Curley, RN, PhD",Jefferson,471.0,0.48493457,0.0,Alabama,471.0,100.0,,,,,,,,,,,,,0.0
289,"Medical Affiliated Research Center, Inc, Huntsville, Alabama, United States","Medical Affiliated Research Center, Inc",Medical Affiliated Research Center,,Madison,0.0,0.4416247,1.0,Alabama,100.0,86.61078112,,,,,,,,,,,,,0.0
349,"NYU Langone Health, New York, New York, United States","NYU Langone Health, New York",NYU Langone Health,"Douglas W Losordo, MD",New York,761.0,,0.0,New York,761.0,,,,,,,,,,,,,,0.0
358,"Stanford University, Palo Alto, California, United States","Stanford University, Palo Alto",Stanford University,"Richard A. Ehrenkranz, MD",Santa Clara,313.0,0.173702036,3.0,California,313.0,3.782659215,,,,,,,,,,,,,0.0
356,"University of Colorado Denver, Denver, Colorado, United States","University of Colorado Denver, Denver",University of Colorado Denver,"Michael Boeckh, MD",,,,0.0,Colorado,,,,,,,,,,,,,,,0.0
355,"Jack D. Weiler Hospital of the Albert Einstein College of Medicine, Bronx, New York, United States","Jack D. Weiler Hospital of the Albert Einstein College of Medicine, Bronx",Jack D. Weiler Hospital of the Albert Einstein College of Medicine,"Orna Rosen, MD",,,,1.0,New York,129.0,,,,,,,,,,,,,,0.0
354,"New York Hospital Queens, Flushing, New York, United States","New York Hospital Queens, Flushing",New York Hospital Queens,"Pinchi Srinivasan, MD",,,,1.0,New York,129.0,,,,,,,,,,,,,,0.0
353,"Mount Sinai School of Medicine, New York, New York, United States","Mount Sinai School of Medicine, New York",Mount Sinai School of Medicine,"Annemarie Stroustrup, MD, MPH",Nassau,761.0,0.317766372,1.0,New York,761.0,48.32005745,,,,,,,,,,,,,0.0
348,"Medical Center of Aurora, Aurora, Colorado, United States","Medical Center of Aurora, Aurora",Medical Center of Aurora,"Marc Moss, M.D.",Arapahoe,127.0,0.217488409,1.0,Colorado,127.0,17.3191887,,,,,,,,,,,,,0.0
346,"University of Michigan Medical Center, Ann Arbor, Michigan, United States","University of Michigan Medical Center, Ann Arbor",University of Michigan Medical Center,,Washtenaw,92.0,0.349973993,2.0,Michigan,92.0,58.27702309,,,,,,,,,,,,,0.0
345,"John H. Stroger, Jr. Hospital of Cook County, Chicago, Illinois, United States","John H. Stroger, Jr. Hospital of Cook County",John H. Stroger,"Tsu-Fu Yeh, MD, PhD",Cook,0.0,0.319824519,1.0,Illinois,1606.0,48.9563323,,,,,,,,,,,,,0.0
344,"Kaiser Permanente Sunnyside, Clackamas, Oregon, United States","Kaiser Permanente Sunnyside, Clackamas",Kaiser Permanente Sunnyside,"Charles Phillips, M.D.",Clackamas,54.0,0.163766972,1.0,Oregon,54.0,0.711240472,,,,,,,,,,,,,0.0
343,"University of New Mexico Hospital, Albuquerque, New Mexico, United States","University of New Mexico Hospital, Albuquerque",University of New Mexico Hospital,,Bernalillo,138.0,0.318170019,0.0,New Mexico,138.0,48.44484467,,,,,,,,,,,,,0.0
342,"Banner University Medical Center Tucson (Site 206-004), 1625 N. Campbell Avenue, Tucson, Arizona, United States","Banner University Medical Center Tucson (Site 206-004), 1625 N. Campbell Avenue",Banner University Medical Center Tucson (Site 206-004),"Samuel Brown, MD",Pima,296.0,0.186115489,1.0,Arizona,296.0,7.620270349,,,,,,,,,,,,,0.0
341,"National Cancer Institute, Rockville, Maryland, United States","National Cancer Institute, Rockville",National Cancer Institute,Richard F Little,,,,0.0,,,,,,,,,,,,,,,,0.0
340,"Cooper University Hospital, Camden, New Jersey, United States","Cooper University Hospital, Camden",Cooper University Hospital,"Meena Khandelwal, MD",Camden,0.0,0.371088042,1.0,New Jersey,199.0,64.80441797,,,,,,,,,,,,,0.0
339,"Hospital of the University of Pennsylvania, Philadelphia, Pennsylvania, United States","Hospital of the University of Pennsylvania, Philadelphia",Hospital of the University of Pennsylvania,"William Schweickert, MD",Philadelphia,528.0,0.359212402,1.0,Pennsylvania,528.0,61.13307138,,,,,,,,,,,,,0.0
359,"CHRISTUS Good Shepherd Medical Center, Longview, Texas, United States","CHRISTUS Good Shepherd Medical Center, Longview",CHRISTUS Good Shepherd Medical Center,"Mohamed S Ghoweba, MD",Gregg,66.0,0.304426036,0.0,Texas,66.0,44.19590103,,,,,,,,,,,,,0.0
337,"Medical University of South Carolina, Charleston, South Carolina, United States","Medical University of South Carolina, Charleston",Medical University of South Carolina,"Charlie Strange, MD",Charleston,221.0,0.347680432,0.0,South Carolina,221.0,57.56797016,,,,,,,,,,,,,0.0
373,"Helen Keller Hospital, Sheffield, Alabama, United States","Helen Keller Hospital, Sheffield",Helen Keller Hospital,"Doug Rank, MD",Colbert,22.0,0.460859438,1.0,Alabama,22.0,92.55718819,,,,,,,,,,,,,0.0
382,"Children's Hospital Colorado/University of Colorado Denver, Aurora, Colorado, United States",University of Cincinnati,University of Cincinnati,,Hamilton,513.0,,1.0,Ohio,513.0,85.14432,,,,,,,,,,,,,0.0
381,"Children's Hospital Colorado/University of Colorado Denver, Aurora, Colorado, United States",Kansas University Medical Centre (KUMC),Kansas University Medical Centre (KUMC),,Wyandotte,503.0,,1.0,Kansas,503.0,94.34769,,,,,,,,,,,,,0.0
380,"Children's Hospital Colorado/University of Colorado Denver, Aurora, Colorado, United States","Bringham Young, Massachusetts","Bringham Young, Massachusetts",,Suffolk,,,,Massachusetts,,,,,,,,,,,,,,,0.0
379,"Children's Hospital Colorado/University of Colorado Denver, Aurora, Colorado, United States","Children's Hospital Colorado/University of Colorado Denver, Aurora",Children's Hospital Colorado/University of Colorado Denver,"Adrian Hernandez, MD",Adams,0.0,0.223048163,1.0,Colorado,168.0,19.03798313,,,,,,,,,,,,,0.0
377,"Research Site, Loma Linda, California, United States","Research Site, Loma Linda",Research Site,,Oklahoma,300.0,0.302954793,0.0,Oklahoma,300.0,43.74106719,,,,,,,,,,,,,0.0
375,"UCLA Medical Center, Los Angeles, California, United States","UCLA Medical Center, Los Angeles",UCLA Medical Center,"Edward L Snyder, MD",Los Angeles,2126.0,0.184174979,1.0,California,2126.0,7.020362911,,,,,,,,,,,,,0.0
362,"St. David's Medical Center, Austin, Texas, United States","St. David's Medical Center, Austin",St. David's Medical Center,"Edward Chafizadeh, MD",Travis,294.0,0.280669712,1.0,Texas,294.0,36.85164851,,,,,,,,,,,,,0.0
371,"Ventura Clinical Trials, Ventura, California, United States","Ventura Clinical Trials, Ventura",Ventura Clinical Trials,,Ventura,139.0,0.181918233,0.0,California,139.0,6.322691315,,,,,,,,,,,,,0.0
370,"Cleveland Clinic Foundation, Cleveland, USA, Cleveland, Ohio, United States","Cleveland Clinic Foundation, Cleveland",Cleveland Clinic Foundation,"Jakob Wittenstein, MD",Cuyahoga,680.0,0.376333276,0.0,Ohio,680.0,66.42597874,,,,,,,,,,,,,0.0
369,"Hunter Holmes Mcguire Veteran Affairs Medical Center, Richmond, Virginia, United States","Hunter Holmes Mcguire Veteran Affairs Medical Center, Richmond",Hunter Holmes Mcguire Veteran Affairs Medical Center,"Brian C Davis, MD",,,,1.0,Virginia,,,,,,,,,,,,,,,0.0
368,"Children's Hospital of Iowa NICU, Iowa City, Iowa, United States","Children's Hospital of Iowa NICU, Iowa City",Children's Hospital of Iowa NICU,"Tarah T Colaizy, M.D., MPH",Johnson,0.0,0.288428937,2.0,Iowa,95.0,39.250408,,,,,,,,,,,,,0.0
367,"Houston Methodist Hospital, Houston, Texas, United States","Houston Methodist Hospital, Houston",Houston Methodist Hospital,"Howard Huang, MD",Harris,918.0,0.290090595,1.0,Texas,918.0,39.76410852,,,,,,,,,,,,,0.0
366,"Columbia University Irving Medical Center, New York, New York, United States","Columbia University Irving Medical Center, New York",Columbia University Irving Medical Center,"Jeremy Beitler, MD, MPH",New York,761.0,,0.0,New York,761.0,,,,,,,,,,,,,,0.0
365,"University of Colorado School of Medicine/University of Colorado Hospital, Aurora, Colorado, United States","University of Colorado School of Medicine/University of Colorado Hospital, Aurora",University of Colorado School of Medicine/University of Colorado Hospital,"Schultz Marcus, MD",Adams,0.0,0.223048163,1.0,Colorado,168.0,19.03798313,,,,,,,,,,,,,0.0
363,"UC Irvine, Irvine, California, United States","UC Irvine, Irvine",UC Irvine,"Corey Casper, MD MPH",Orange,0.0,0.178217076,0.0,California,651.0,5.178480972,,,,,,,,,,,,,0.0
301,"Memorial Hermann Medical Center, Houston, Texas, United States","Memorial Hermann Medical Center, Houston",Memorial Hermann Medical Center,"Paul G Loubser, MD",Harris,918.0,0.290090595,0.0,Texas,918.0,39.76410852,,,,,,,,,,,,,0.0
310,"Cedars-Sinai Medical Center, Los Angeles, California, United States","Cedars-Sinai Medical Center, Los Angeles",Cedars-Sinai Medical Center,,Los Angeles,2126.0,0.184174979,0.0,California,2126.0,7.020362911,,,,,,,,,,,,,0.0
309,"The University of Arizona, Tucson, Arizona, United States","The University of Arizona, Tucson",The University of Arizona,"Charlie Kim, PhD",Pima,296.0,0.186115489,2.0,Arizona,296.0,7.620270349,,,,,,,,,,,,,0.0
308,"Eskenazi Hospital, Indianapolis, Indiana, United States","Eskenazi Hospital, Indianapolis",Eskenazi Hospital,"Babar A Khan, MD, MS",Marion,14.0,0.370007758,2.0,Indiana,526.0,64.47044885,,,,,,,,,,,,,0.0
307,"Baylor Scott & White Health, Temple, Texas, United States","Baylor Scott & White Health, Temple",Baylor Scott & White Health,,Hays,42.0,0.28987782,0.0,Texas,42.0,39.69832927,,,,,,,,,,,,,0.0
306,"Medical Center of the Rockies, Loveland, Colorado, United States","Medical Center of the Rockies, Loveland",Medical Center of the Rockies,"Jennifer L Mueller, Ph.D.",Larimer,55.0,0.22079639,1.0,Colorado,55.0,18.34184893,,,,,,,,,,,,,0.0
305,"Loma Linda University Children's Hospital, Loma Linda, California, United States","Loma Linda University Children's Hospital, Loma Linda",Loma Linda University Children's Hospital,"Ruofan Yao, MD MPH",San Bernardino,410.0,0.189699319,0.0,California,410.0,8.728209124,,,,,,,,,,,,,0.0
304,"Hoag Memorial Hospital, Newport Beach, California, United States","Hoag Memorial Hospital, Newport Beach",Hoag Memorial Hospital,"Scott White, MD",Orange,0.0,0.178217076,1.0,California,651.0,5.178480972,,,,,,,,,,,,,0.0
303,"Brigham and Women's Health, Boston, Massachusetts, United States","Brigham and Women's Health, Boston",Brigham and Women's Health,"Ewan C Goligher, MD, PhD",Norfolk,59.0,0.329363088,0.0,Massachusetts,59.0,51.90517486,,,,,,,,,,,,,0.0
302,"UCLA-Ronald Reagan, Los Angeles, California, United States","UCLA-Ronald Reagan, Los Angeles",UCLA-Ronald Reagan,,Los Angeles,2126.0,0.184174979,0.0,California,2126.0,7.020362911,,,,,,,,,,,,,0.0
300,"Banner University Medical Center, Phoenix, Arizona, United States","Banner University Medical Center, Phoenix",Banner University Medical Center,,Maricopa,1004.0,0.188377743,1.0,Arizona,1004.0,8.31964474,,,,,,,,,,,,,0.0
312,"University of Arkansas, Little Rock, Alaska, United States","University of Arkansas, Little Rock",University of Arkansas,"Gordon R Bernard, M.D.",Washington,12.0,0.161466335,0.0,Arkansas,61.0,0.0,,,,,,,,,,,,,0.0
298,"Department of Emergency Medicine, Children's Hospital of Los Angeles, Los Angeles, California, United States","Department of Emergency Medicine, Children's Hospital of Los Angeles",Department of Emergency Medicine,"Adam Cheng, MD",,,,1.0,,2126.0,,,,,,,,,,,,,,0.0
296,"University of Southern California, Los Angeles, California, United States","University of Southern California, Los Angeles",University of Southern California,,Los Angeles,2126.0,0.184174979,0.0,California,2126.0,7.020362911,,,,,,,,,,,,,0.0
293,"Ann & Robert H. Lurie Children's Hospital of Chicago, Chicago, Illinois, United States","Ann & Robert H. Lurie Children's Hospital of Chicago, Chicago",Ann & Robert H. Lurie Children's Hospital of Chicago,"Christopher J Newth, MD",Cook,0.0,0.319824519,0.0,Illinois,1606.0,48.9563323,,,,,,,,,,,,,0.0
311,"Central Arkansas Veterans Healthcare System, Little Rock, Arkansas, United States","Central Arkansas Veterans Healthcare System, Little Rock",Central Arkansas Veterans Healthcare System,,Pulaski,8.0,0.432534222,0.0,Arkansas,209.0,83.8004656,,,,,,,,,,,,,0.0
313,"Children's National Hospital & Research Institute, Washington, District of Columbia, United States","Children's National Hospital & Research Institute, Washington",Children's National Hospital & Research Institute,"Billie L Short, MD",,,,0.0,District of Columbia,314.0,,,,,,,,,,,,,,0.0
335,"Celerion, Tempe, Arizona, United States","Celerion, Tempe",Celerion,"Beverly MK Biller, MD",Maricopa,1004.0,0.188377743,1.0,Arizona,1004.0,8.31964474,,,,,,,,,,,,,0.0
325,"Honor Health, Scottsdale, Arizona, United States","Honor Health, Scottsdale",Honor Health,Barnette,,,,1.0,England,,,,,,,,,,,,,,,0.0
333,"St. Jude Medical Center, Fullerton, California, United States","St. Jude Medical Center, Fullerton",St. Jude Medical Center,"Jonathan C Javitt, MD, MPH",Orange,0.0,0.178217076,1.0,California,651.0,5.178480972,,,,,,,,,,,,,0.0
332,"University of Florida Health Gainesville, Gainesville, Florida, United States","University of Florida Health Gainesville, Gainesville",University of Florida Health Gainesville,"Christopher Tignanelli, MD",Alachua,210.0,0.228647823,1.0,Florida,210.0,20.76911447,,,,,,,,,,,,,0.0
331,"University of Colorado / National Jewish Health / Swedish Medical Center, Denver, Colorado, United States","University of Colorado / National Jewish Health / Swedish Medical Center, Denver",University of Colorado / National Jewish Health / Swedish Medical Center,"Michael Boeckh, MD",Boulder,72.0,0.215784064,1.0,Colorado,72.0,16.79229152,,,,,,,,,,,,,0.0
330,"New York Presbyterian-Brooklyn Methodist Hospital, Brooklyn, New York, United States","New York Presbyterian-Brooklyn Methodist Hospital, Brooklyn",New York Presbyterian-Brooklyn Methodist Hospital,"Jiwon Kim, MD",,,,0.0,New York,,,,,,,,,,,,,,,0.0
329,"University of Alabama Medical Center, Birmingham, Alabama, United States","University of Alabama Medical Center, Birmingham",University of Alabama Medical Center,"Boyd Taylor Thompson, MD",Mobile,157.0,0.457822218,6.0,Alabama,157.0,91.61823355,,,,,,,,,,,,,0.0
327,"Children's Hospital of Alabama, Birmingham, Alabama, United States","Children's Hospital of Alabama, Birmingham",Children's Hospital of Alabama,"Martha A.Q. Curley, RN, PhD",Jefferson,471.0,0.48493457,1.0,Alabama,471.0,100.0,,,,,,,,,,,,,0.0
326,"Johns Hopkins University, Baltimore, Maryland, United States","Johns Hopkins University, Baltimore",Johns Hopkins University,Alison Turnbull,,,,1.0,Maryland,123.0,,,,,,,,,,,,,,0.0
314,"Delray Physician Care Center, Delray Beach, Florida, United States","Delray Physician Care Center, Delray Beach",Delray Physician Care Center,"David Fineberg, MD",Palm Beach,401.0,0.220609298,1.0,Florida,401.0,18.28400956,,,,,,,,,,,,,0.0
323,"University of Mississippi Medical Center, Jackson, Mississippi, United States","University of Mississippi Medical Center, Jackson",University of Mississippi Medical Center,"Jim Cummings, MD",Hinds,218.0,0.421292324,0.0,Mississippi,218.0,80.32503995,,,,,,,,,,,,,0.0
322,"Oregon Health & Science University, Portland, Oregon, United States","Oregon Health & Science University, Portland",Oregon Health & Science University,"Cynthia McEvoy, MD",Multnomah,165.0,0.16653337,2.0,Oregon,165.0,1.566470661,,,,,,,,,,,,,0.0
321,"Beth Israel Deaconess Medical Center, Inc., Boston, Massachusetts, United States","Beth Israel Deaconess Medical Center, Inc.",Beth Israel Deaconess Medical Center,Matthieu Jabaudon,Suffolk,281.0,0.317766372,4.0,Massachusetts,447.0,48.32005745,,,,,,,,,,,,,0.0
320,"MD at Bedside, Berkeley, California, United States","MD at Bedside, Berkeley",MD at Bedside,,Alameda,282.0,0.175524759,0.0,California,282.0,4.346152876,,,,,,,,,,,,,0.0
319,"Birmingham, Alabama, United States","Birmingham, Alabama",Birmingham,,Jefferson,471.0,0.48493457,1.0,Alabama,471.0,100.0,,,,,,,,,,,,,0.0
317,"Children's Hospital Los Angeles, Los Angeles, California, United States","Children's Hospital Los Angeles, Los Angeles",Children's Hospital Los Angeles,"Philippe Jouvet, MD",Los Angeles,2126.0,0.184174979,1.0,California,2126.0,7.020362911,,,,,,,,,,,,,0.0
315,"Alta Bates Summit Medical Center, Berkeley, California, United States","Alta Bates Summit Medical Center, Berkeley",Alta Bates Summit Medical Center,"Roberta A Ballard, MD",Alameda,282.0,0.175524759,1.0,California,282.0,4.346152876,,,,,,,,,,,,,0.0
192,"Wake Forest Baptist Medical Center, Winston-Salem, North Carolina, United States","Wake Forest Baptist Medical Center, Winston-Salem",Wake Forest Baptist Medical Center,"Rita Bakhru, MD",Forsyth,259.0,0.361796043,0.0,North Carolina,259.0,61.93180236,,,,,,,,,,,,,0.0
191,"Women's and Children's Hospital, Room l-919, 1240, N.Mission Road, Los Angeles, California, United States","Women's and Children's Hospital, Room l-919",Women's and Children's Hospital,"Rangasamy Ramanathan, MD",Boone,0.0,0.368950589,1.0,Missouri,110.0,64.14362573,,,,,,,,,,,,,0.0
60,"Hackensack University Medical Center, Hackensack, New Jersey, United States","Hackensack University Medical Center, Hackensack",Hackensack University Medical Center,"Daniel Fowler, M.D.",Bergen,147.0,,0.0,New Jersey,147.0,,,,,,,,,,,,,,0.0
69,"University of Colorado Health Sciences Center, Denver, Colorado, United States","University of Colorado Health Sciences Center, Denver",University of Colorado Health Sciences Center,"Robert Paine, MD",Adams,0.0,0.223048163,2.0,Colorado,168.0,19.03798313,,,,,,,,,,,,,0.0
67,"Wake Forest Baptist Health, Medical Intensive Care Unit, Winston-Salem, North Carolina, United States","Wake Forest Baptist Health, Medical Intensive Care Unit",Wake Forest Baptist Health,"Peter E Morris, MD",Forsyth,259.0,0.361796043,2.0,North Carolina,259.0,61.93180236,,,,,,,,,,,,,0.0
66,"Albany Medical Center, Albany, New York, United States","Albany Medical Center, Albany",Albany Medical Center,"Joaquim M Pinheiro, MD, MPH",Albany,4.0,0.319136206,1.0,New York,120.0,48.74354077,,,,,,,,,,,,,0.0
65,"Interfaith Medical Center, New York, New York, United States","Interfaith Medical Center, New York",Interfaith Medical Center,"RAMAKANTH PATA, MD",,,,1.0,New York,893.0,,,,,,,,,,,,,,0.0
64,"UVA Health Center, Charlottesville, Virginia, United States","UVA Health Center, Charlottesville",UVA Health Center,,Arlington,24.0,0.289664078,0.0,Virginia,24.0,39.63225106,,,,,,,,,,,,,0.0
62,"Cincinnati Children's Hospital Medical Center, Cincinnati, Ohio, United States","Cincinnati Children's Hospital Medical Center, Cincinnati",Cincinnati Children's Hospital Medical Center,,Hamilton,0.0,0.374327698,0.0,Ohio,297.0,65.80595557,,,,,,,,,,,,,0.0
61,"OU Medical Center, Oklahoma City, Oklahoma, United States","OU Medical Center, Oklahoma City",OU Medical Center,"Jean Keddissi, M.D.",Oklahoma,300.0,0.302954793,1.0,Oklahoma,300.0,43.74106719,,,,,,,,,,,,,0.0
59,"University of Minnesota, Minneapolis, Minnesota, United States","University of Minnesota, Minneapolis",University of Minnesota,"David Ingbar, MD",Hennepin,311.0,0.214906439,0.0,Minnesota,311.0,16.52097431,,,,,,,,,,,,,0.0
58,"Miami Baptist Hospital, Miami, Florida, United States","Miami Baptist Hospital, Miami",Miami Baptist Hospital,,Miami-Dade,593.0,0.221949927,0.0,Florida,593.0,18.69846416,,,,,,,,,,,,,0.0
57,"University Hospital System, San Antonio, Texas, United States","University Hospital System, San Antonio",University Hospital System,"Dean L Kellogg, MD, PhD",Mecklenburg,10.0,0.352393294,0.0,North Carolina,173.0,59.02494846,,,,,,,,,,,,,0.0
56,"Hunt Regional Medical Center, Greenville, Texas, United States","Hunt Regional Medical Center, Greenville",Hunt Regional Medical Center,,Hunt,23.0,0.302913231,0.0,Texas,23.0,43.72821832,,,,,,,,,,,,,0.0
55,"Fresno Community Hospital, Fresno, California, United States","Fresno Community Hospital, Fresno",Fresno Community Hospital,"Mike Royal, MD",Fresno,164.0,0.193083545,0.0,California,164.0,9.774440449,,,,,,,,,,,,,0.0
54,"Miami VA Healthcare System, Miami, Florida, United States","Miami VA Healthcare System, Miami",Miami VA Healthcare System,,Miami-Dade,593.0,0.221949927,0.0,Florida,593.0,18.69846416,,,,,,,,,,,,,0.0
53,"Medical Center of Central GA, Macon, Georgia, United States","Medical Center of Central GA, Macon",Medical Center of Central GA,"Dennis W. Ashley, MD, FACS",Bibb,117.0,0.379557181,0.0,Georgia,117.0,67.42264693,,,,,,,,,,,,,0.0
52,"Intermountain Medical Center, Murray, Utah, United States","Intermountain Medical Center, Murray",Intermountain Medical Center,"Michael Lanspa, MD",Salt Lake,282.0,0.192021026,0.0,Utah,282.0,9.445963373,,,,,,,,,,,,,0.0
51,"Palmetto Health Richland, Columbia, South Carolina, United States","Palmetto Health Richland, Columbia",Palmetto Health Richland,"Judson Lewis, MD",Richland,4.0,0.349914803,0.0,South Carolina,211.0,58.25872454,,,,,,,,,,,,,0.0
72,"Maimonides Medical Center, Brooklyn, New York, United States","Maimonides Medical Center, Brooklyn",Maimonides Medical Center,"Felix Yang, MD",,,,1.0,New York,893.0,,,,,,,,,,,,,,0.0
92,"Maimonides medcial center, Brooklyn, New York, United States","Maimonides medcial center, Brooklyn",Maimonides medcial center,"Shantanu Rastogi, MD",,,,1.0,New York,,,,,,,,,,,,,,,0.0
91,"Dartmouth Hitchcock Medcial Center, Lebanon, New Hampshire, United States","Dartmouth Hitchcock Medcial Center, Lebanon",Dartmouth Hitchcock Medcial Center,"Neetu Singh, MD, MPH",Grafton,54.0,0.288225609,1.0,New Hampshire,54.0,39.18754928,,,,,,,,,,,,,0.0
90,"Cardinal Glennon Children's Hospital, Saint Louis, Missouri, United States","Cardinal Glennon Children's Hospital, Saint Louis",Cardinal Glennon Children's Hospital,"Noah H Hillman, M.D.",,,,1.0,Missouri,,,,,,,,,,,,,,,0.0
89,"Denver Health and Hospital Authority, Denver, Colorado, United States","Denver Health and Hospital Authority, Denver",Denver Health and Hospital Authority,"Kazuko Matsuda, MD PhD MPH",,,,0.0,Colorado,,,,,,,,,,,,,,,0.0
87,"Indiana University, Indianapolis, Indiana, United States","Indiana University, Indianapolis",Indiana University,Catherine A. Leitch,Marion,14.0,0.370007758,0.0,Indiana,526.0,64.47044885,,,,,,,,,,,,,0.0
86,"Lincoln Medical Center, Bronx, New York, United States","Lincoln Medical Center, Bronx",Lincoln Medical Center,,,,,0.0,New York,359.0,,,,,,,,,,,,,,0.0
85,"Arrowhead Regional Medical Center, Colton, California, United States","Arrowhead Regional Medical Center, Colton",Arrowhead Regional Medical Center,"Aldin Malkoc, MD",San Bernardino,410.0,0.189699319,1.0,California,410.0,8.728209124,,,,,,,,,,,,,0.0
83,"Children's Hospitals and Clinics of Minnesota, Minneapolis, Minnesota, United States","Children's Hospitals and Clinics of Minnesota, Minneapolis",Children's Hospitals and Clinics of Minnesota,"Mark Mammel, MD",Cass,0.0,0.329913391,1.0,Minnesota,0.0,52.07530069,,,,,,,,,,,,,0.0
81,"University of Nebraska Medical Center, Omaha, Nebraska, United States","University of Nebraska Medical Center, Omaha",University of Nebraska Medical Center,,Douglas,0.0,0.258995743,1.0,Nebraska,187.0,30.15115472,,,,,,,,,,,,,0.0
80,"Columbus Children's Hospital, Columbus, Ohio, United States","Columbus Children's Hospital, Columbus",Columbus Children's Hospital,"Onsy Ayad, MD",Franklin,0.0,0.372421808,1.0,Ohio,449.0,65.21675088,,,,,,,,,,,,,0.0
79,"Diabetes Research Institute, University of Miami Miller School of Medicine, Miami, Florida, United States","Diabetes Research Institute, University of Miami Miller School of Medicine",Diabetes Research Institute,"Camillo Ricordi, MD",Miami-Dade,593.0,0.221949927,1.0,Florida,593.0,18.69846416,,,,,,,,,,,,,0.0
78,"Duke University Medical Center, Durham, North Carolina, United States","Duke University Medical Center, Durham",Duke University Medical Center,"Christopher E. Cox, MD",Durham,148.0,0.353514251,0.0,North Carolina,148.0,59.37149161,,,,,,,,,,,,,0.0
77,"Mission Community Hospital, Panorama City, California, United States","Mission Community Hospital, Panorama City",Mission Community Hospital,,Los Angeles,2126.0,0.184174979,0.0,California,2126.0,7.020362911,,,,,,,,,,,,,0.0
76,"University of Iowa Hospitals and Clinics, Iowa City, Iowa, United States","University of Iowa Hospitals and Clinics, Iowa City",University of Iowa Hospitals and Clinics,,Johnson,0.0,0.288428937,0.0,Iowa,95.0,39.250408,,,,,,,,,,,,,0.0
75,"University of Kentucky, Lexington, Kentucky, United States","University of Kentucky, Lexington",University of Kentucky,,Fayette,3.0,0.479679108,2.0,Kentucky,260.0,98.37527725,,,,,,,,,,,,,0.0
74,"Hutzel Women's Hospital, Detroit, Michigan, United States","Hutzel Women's Hospital, Detroit",Hutzel Women's Hospital,"Beena G. Sood, MD, MS",Wayne,0.0,0.372694747,1.0,Michigan,586.0,65.3011298,,,,,,,,,,,,,0.0
47,"University of Texas MD Anderson Cancer Center, Houston, Texas, United States","University of Texas MD Anderson Cancer Center, Houston",University of Texas MD Anderson Cancer Center,"Amanda L. Olson, MD",Harris,918.0,0.290090595,1.0,Texas,918.0,39.76410852,,,,,,,,,,,,,0.0
95,"Parkland Health and Hospital System, Dallas, Texas, United States","Parkland Health and Hospital System, Dallas",Parkland Health and Hospital System,"Sharmistha Saha, MD",Dallas,614.0,0.293183356,0.0,Texas,614.0,40.72023363,,,,,,,,,,,,,0.0
12,"North Shore University Hospital, Manhasset, New York, United States","North Shore University Hospital, Manhasset",North Shore University Hospital,,Nassau,461.0,0.313666411,0.0,New York,461.0,47.05255711,,,,,,,,,,,,,0.0
21,"Weill Medical College of Cornell University, New York City, New York, United States","Weill Medical College of Cornell University, New York City",Weill Medical College of Cornell University,"Robert J. Kaner, M.D.",New York,761.0,,0.0,New York,761.0,,,,,,,,,,,,,,0.0
20,"University of Pittburgh Medical Center, Pittsburgh, Pennsylvania, United States","University of Pittburgh Medical Center, Pittsburgh",University of Pittburgh Medical Center,"Jeremy M Kahn, MD, MS",Allegheny,580.0,0.350498218,1.0,Pennsylvania,580.0,58.43908692,,,,,,,,,,,,,0.0
17,"The University of Texas Health Science Center at Houston, Houston, Texas, United States","The University of Texas Health Science Center at Houston, Houston",The University of Texas Health Science Center at Houston,"Bentley J. Bobrow, MD",Harris,918.0,0.290090595,2.0,Texas,918.0,39.76410852,,,,,,,,,,,,,0.0
16,"Ocean Springs Hospital, Ocean Springs, Mississippi, United States","Ocean Springs Hospital, Ocean Springs",Ocean Springs Hospital,"Ritu Lal, PhD, MS",Jackson,0.0,0.368181424,0.0,Mississippi,48.0,63.90583885,,,,,,,,,,,,,0.0
14,"The University of Michigan, Ann Arbor, Michigan, United States","The University of Michigan, Ann Arbor",The University of Michigan,"Robert Hyzy, MD",Washtenaw,92.0,0.349973993,3.0,Michigan,92.0,58.27702309,,,,,,,,,,,,,0.0
13,"Le Bonheur Children's Hospital, Memphis, Tennessee, United States","Le Bonheur Children's Hospital, Memphis",Le Bonheur Children's Hospital,,Shelby,0.0,0.391387252,0.0,Tennessee,277.0,71.07990588,,,,,,,,,,,,,0.0
11,"University of Michigan - Mott Children's Hospital, Ann Arbor, Michigan, United States","University of Michigan - Mott Children's Hospital, Ann Arbor",University of Michigan - Mott Children's Hospital,"Ryan Barbaro, MD",Washtenaw,92.0,0.349973993,2.0,Michigan,92.0,58.27702309,,,,,,,,,,,,,0.0
23,"Kit Bartalos, Liberty, Missouri, United States","Kit Bartalos, Liberty",Kit Bartalos,,Jackson,0.0,0.368181424,0.0,Missouri,274.0,63.90583885,,,,,,,,,,,,,0.0
9,"Methodist Hospital, Indianapolis, Indiana, United States","Methodist Hospital, Indianapolis",Methodist Hospital,"Chris Naum, MD",Marion,14.0,0.370007758,0.0,Indiana,526.0,64.47044885,,,,,,,,,,,,,0.0
7,"Christiana Hospital, Newark, Delaware, United States","Christiana Hospital, Newark",Christiana Hospital,"John S Emberger, BS",New Castle,119.0,0.26237067,1.0,Delaware,119.0,31.19451126,,,,,,,,,,,,,0.0
6,"University of North Carolina Hospitals, Chapel Hill, North Carolina, United States","University of North Carolina Hospitals, Chapel Hill",University of North Carolina Hospitals,"Hubert J Ford, MD",Orange,0.0,0.178217076,0.0,North Carolina,13.0,5.178480972,,,,,,,,,,,,,0.0
4,"University of Missouri Hospital and Clinics, Columbia, Missouri, United States","University of Missouri Hospital and Clinics, Columbia",University of Missouri Hospital and Clinics,"Zachary M Holliday, MD",Boone,0.0,0.368950589,2.0,Missouri,110.0,64.14362573,,,,,,,,,,,,,0.0
2,"Feinstein Institutes for Medical Research, Manhasset, New York, United States","Feinstein Institutes for Medical Research, Manhasset",Feinstein Institutes for Medical Research,"Negin Hajizadeh, MD, MPH",Nassau,461.0,0.313666411,1.0,New York,461.0,47.05255711,,,,,,,,,,,,,0.0
44,"University of Michigan C & W Mott Children's Hospital, Ann Arbor, Michigan, United States","University of Michigan C & W Mott Children's Hospital, Ann Arbor",University of Michigan C & W Mott Children's Hospital,"Steven Donn, M.D.",Washtenaw,92.0,0.349973993,2.0,Michigan,92.0,58.27702309,,,,,,,,,,,,,0.0
43,"Montefiore Medical Center, Bronx, New York, United States","Montefiore Medical Center, Bronx",Montefiore Medical Center,"Michelle Ng Gong, MD, MS",,,,1.0,New York,893.0,,,,,,,,,,,,,,0.0
42,"Akron Children's Hospital, Akron, Ohio, United States","Akron Children's Hospital, Akron",Akron Children's Hospital,"Mohammed Elkhwad, MD",Summit,4.0,0.376737295,1.0,Ohio,170.0,66.55088095,,,,,,,,,,,,,0.0
39,"Massachussets General Hospital, Boston, Massachusetts, United States","Massachussets General Hospital, Boston",Massachussets General Hospital,"Robert Kacmarek, RRT, PhD",Suffolk,281.0,0.317766372,0.0,Massachusetts,447.0,48.32005745,,,,,,,,,,,,,0.0
38,"University of North Carolina, Chapel Hill, North Carolina, United States","University of North Carolina, Chapel Hill",University of North Carolina,"Maor Sauler, MD",Orange,0.0,0.178217076,0.0,North Carolina,13.0,5.178480972,,,,,,,,,,,,,0.0
25,"West Virginia University Rockefeller Neuroscience Institute, Morgantown, West Virginia, United States","West Virginia University Rockefeller Neuroscience Institute, Morgantown",West Virginia University Rockefeller Neuroscience Institute,"Ali R Rezai, MD",Monongalia,119.0,0.454995261,1.0,West Virginia,119.0,90.74428158,,,,,,,,,,,,,0.0
34,"University of Kentucky Chandler Medical Center, Lexington, Kentucky, United States","University of Kentucky Chandler Medical Center, Lexington",University of Kentucky Chandler Medical Center,,Fayette,3.0,0.479679108,3.0,Kentucky,260.0,98.37527725,,,,,,,,,,,,,0.0
33,"University of Missouri, Women's and Children's Hospital, Columbia, Missouri, United States","University of Missouri, Women's and Children's Hospital",University of Missouri,"Naomi Lauriello, MD",Boone,0.0,0.368950589,1.0,Missouri,110.0,64.14362573,,,,,,,,,,,,,0.0
32,"The Children's Hospital of Philadelphia, Philadelphia, Pennsylvania, United States","The Children's Hospital of Philadelphia, Philadelphia",The Children's Hospital of Philadelphia,"Rodolfo I Godinez, MD, PhD",Philadelphia,528.0,0.359212402,2.0,Pennsylvania,528.0,61.13307138,,,,,,,,,,,,,0.0
31,"Mount Sinai Hospital, New York, New York, United States","Mount Sinai Hospital, New York",Mount Sinai Hospital,"Elizabeth Burke, ANP-C",Nassau,761.0,,1.0,New York,761.0,,,,,,,,,,,,,,0.0
29,"Weill Cornell Medical College-New York Presbyterian Hospital, New York, New York, United States","Weill Cornell Medical College-New York Presbyterian Hospital, New York",Weill Cornell Medical College-New York Presbyterian Hospital,"Robert Kaner, MD",New York,761.0,,0.0,New York,761.0,,,,,,,,,,,,,,0.0
28,"Northwestern University Feinberg School of Medicine, Chicago, Illinois, United States","Northwestern University Feinberg School of Medicine, Chicago",Northwestern University Feinberg School of Medicine,"Curtis H Weiss, MD, MS",Cook,0.0,0.319824519,0.0,Illinois,1606.0,48.9563323,,,,,,,,,,,,,0.0
27,"National Jewish Health, Denver, Colorado, United States","National Jewish Health, Denver",National Jewish Health,,,,,0.0,Colorado,,,,,,,,,,,,,,,0.0
96,"Oklahoma State University Medical Center, Tulsa, Oklahoma, United States","Oklahoma State University Medical Center, Tulsa",Oklahoma State University Medical Center,"Joseph R Johnson, D.O.",Tulsa,379.0,0.304087461,0.0,Oklahoma,379.0,44.09123078,,,,,,,,,,,,,0.0
156,"Intermountain Health - St. Joseph's Hospital - National Jewish Health, Denver, Colorado, United States","Intermountain Health - St. Joseph's Hospital - National Jewish Health, Denver",Intermountain Health - St. Joseph's Hospital - National Jewish Health,,,,,0.0,Colorado,,,,,,,,,,,,,,,0.0
165,"Saint John's Cancer Institute, Santa Monica, California, United States","Saint John's Cancer Institute, Santa Monica",Saint John's Cancer Institute,Medical Director,Saint Thomas - Saint John District,,,1.0,United States Virgin Islands,,,,,,,,,,,,,,,0.0
164,"Stony Brook University Hospital, Stony Brook, New York, United States","Stony Brook University Hospital, Stony Brook",Stony Brook University Hospital,"Andrew A Elimian, M.D",Suffolk,281.0,0.317766372,1.0,New York,281.0,48.32005745,,,,,,,,,,,,,0.0
163,"Mercyhealth Hospital - Rockton Avenue, Rockford, Illinois, United States","Mercyhealth Hospital - Rockton Avenue, Rockford",Mercyhealth Hospital - Rockton Avenue,Nikhil Rao,Winnebago,26.0,0.33495662,1.0,Illinois,87.0,53.63441174,,,,,,,,,,,,,0.0
161,"Doernbecher Neonatal Care Center at Oregon Health & Science University, Portland, Oregon, United States","Doernbecher Neonatal Care Center at Oregon Health & Science University, Portland",Doernbecher Neonatal Care Center at Oregon Health & Science University,,Multnomah,165.0,0.16653337,2.0,Oregon,165.0,1.566470661,,,,,,,,,,,,,0.0
160,"Women and Infants Hospital of Rhode Island, Providence, Rhode Island, United States","Women and Infants Hospital of Rhode Island, Providence",Women and Infants Hospital of Rhode Island,"Sunil Shaw, PhD",Providence,237.0,0.285023813,0.0,Rhode Island,237.0,38.19771608,,,,,,,,,,,,,0.0
157,"University of Oklahoma Health Sciences Center, Oklahoma City, Oklahoma, United States","University of Oklahoma Health Sciences Center, Oklahoma City",University of Oklahoma Health Sciences Center,"Kris Sekar, M.D.",Oklahoma,300.0,0.302954793,1.0,Oklahoma,300.0,43.74106719,,,,,,,,,,,,,0.0
155,"University of Missouri Healthcare, Columbia, Missouri, United States","University of Missouri Healthcare, Columbia",University of Missouri Healthcare,,Boone,0.0,0.368950589,1.0,Missouri,110.0,64.14362573,,,,,,,,,,,,,0.0
167,"Valley Children's Healthcare, Madera, California, United States","Valley Children's Healthcare, Madera",Valley Children's Healthcare,"Donald Null, MD",Madera,10.0,0.198127805,0.0,California,10.0,11.33387023,,,,,,,,,,,,,0.0
154,"Penn State Milton S. Hershey Medical Center, Hershey, Pennsylvania, United States","Penn State Milton S. Hershey Medical Center, Hershey",Penn State Milton S. Hershey Medical Center,"Kane M High, MD",Dauphin,142.0,0.354720751,0.0,Pennsylvania,142.0,59.74448032,,,,,,,,,,,,,0.0
153,"Mayo Clinic, Rochester, Minnesota, United States","Mayo Clinic, Rochester",Mayo Clinic,"Ognjen Gajic, M.D.",Olmsted,218.0,0.217462963,2.0,Minnesota,218.0,17.31132208,,,,,,,,,,,,,0.0
152,"Yale New Haven Hospital, New Haven, Connecticut, United States","Yale New Haven Hospital, New Haven",Yale New Haven Hospital,"Hyung Chun, MD",South Central Connecticut Planning Region,,,0.0,Connecticut,,,,,,,,,,,,,,,0.0
149,"Children's Hospital of Wisconsin, Milwaukee, Wisconsin, United States","Children's Hospital of Wisconsin, Milwaukee",Children's Hospital of Wisconsin,"Michael Quasney, PhD, MD",Milwaukee,381.0,0.258229187,0.0,Wisconsin,381.0,29.91417442,,,,,,,,,,,,,0.0
148,"University of Wisconsin-Madison, Madison, Wisconsin, United States","University of Wisconsin-Madison, Madison",University of Wisconsin-Madison,"Suresh Agarwal, MD",Dane,39.0,0.244724763,0.0,Wisconsin,39.0,25.73929029,,,,,,,,,,,,,0.0
146,"Johns Hopkins Medicine, Baltimore, Maryland, United States","Johns Hopkins Medicine, Baltimore",Johns Hopkins Medicine,"Russell N Wesson, M.B.Ch.B",,,,0.0,Maryland,,,,,,,,,,,,,,,0.0
166,"Baystate Medical Center, Springfield, Massachusetts, United States","Baystate Medical Center, Springfield",Baystate Medical Center,"Ruben Vaidya, MD",Hampden,119.0,0.34748054,0.0,Massachusetts,119.0,57.50617367,,,,,,,,,,,,,0.0
144,"Denver Health Medical Center, Denver, Colorado, United States","Denver Health Medical Center, Denver",Denver Health Medical Center,"Ernest E Moore, MD",,,,0.0,Colorado,,,,,,,,,,,,,,,0.0
180,"Primary Children's Medical Center, Salt Lake City, Utah, United States","Primary Children's Medical Center, Salt Lake City",Primary Children's Medical Center,"Donald N-u-l-l, MD",Salt Lake,282.0,0.192021026,0.0,Utah,282.0,9.445963373,,,,,,,,,,,,,0.0
188,"Johns Hopkins Hospital Medical Intensive Care Unit, Baltimore, Maryland, United States","Johns Hopkins Hospital Medical Intensive Care Unit, Baltimore",Johns Hopkins Hospital Medical Intensive Care Unit,"Roy G Brower, M.D.",,,,1.0,Maryland,123.0,,,,,,,,,,,,,,0.0
187,"Wilkes University, Wilkes-Barre, Pennsylvania, United States","Wilkes University, Wilkes-Barre",Wilkes University,"Marc M Perreault, MSc, PharmD, BCPS, FSCPH, FOPQ",Luzerne,71.0,0.36072048,1.0,Pennsylvania,71.0,61.59929274,,,,,,,,,,,,,0.0
186,"Johns Hopkins Bayview Medical Center, Baltimore, Maryland, United States","Johns Hopkins Bayview Medical Center, Baltimore",Johns Hopkins Bayview Medical Center,"Roy G. Brower, MD",,,,1.0,Maryland,123.0,,,,,,,,,,,,,,0.0
185,"Boca Raton Regional Hospital, Boca Raton, Florida, United States","Boca Raton Regional Hospital, Boca Raton",Boca Raton Regional Hospital,"Joanne Kurtzberg, MD",Palm Beach,401.0,0.220609298,0.0,Florida,401.0,18.28400956,,,,,,,,,,,,,0.0
179,"Mount Sinai West, New York, New York, United States","Mount Sinai West, New York",Mount Sinai West,"Joanne Loewy, DA, LCAT, MT-BC",Nassau,761.0,,0.0,New York,761.0,,,,,,,,,,,,,,0.0
169,"Johns Hopkins Hospital, Baltimore, Maryland, United States","Johns Hopkins Hospital, Baltimore",Johns Hopkins Hospital,"Chetan Bettegowda, MD/PhD",,,,1.0,Maryland,123.0,,,,,,,,,,,,,,0.0
177,"Children's Mercy Hospital, Kansas City, Missouri, United States","Children's Mercy Hospital, Kansas City",Children's Mercy Hospital,,Jackson,0.0,0.368181424,0.0,Missouri,274.0,63.90583885,,,,,,,,,,,,,0.0
175,"Essentia Health - St. Mary's Medical Center, Duluth, Minnesota, United States","Essentia Health - St. Mary's Medical Center, Duluth",Essentia Health - St. Mary's Medical Center,"Timothy P Rich, MD",Saint Louis,,,0.0,Minnesota,,,,,,,,,,,,,,,0.0
174,"Grady Memorial Hospital, Atlanta, Georgia, United States","Grady Memorial Hospital, Atlanta",Grady Memorial Hospital,"Greg S Martin, MD, MSc",Fulton,0.0,0.356858322,0.0,Georgia,538.0,60.40530904,,,,,,,,,,,,,0.0
172,"University of Chicago Medicine, Chicago, Illinois, United States","University of Chicago Medicine, Chicago",University of Chicago Medicine,"Brian Dickson, MD",Cook,0.0,0.319824519,1.0,Illinois,1606.0,48.9563323,,,,,,,,,,,,,0.0
145,"Washinton University School of Medicine in St. Louis, Saint Louis, Missouri, United States","Washinton University School of Medicine in St. Louis, Saint Louis",Washinton University School of Medicine in St. Louis,"Brian M Fuller, MD, MSCI",St. Louis,,,1.0,Missouri,468.0,,,,,,,,,,,,,,0.0
143,"Children's Hospital of Philadelphia, Philadelphia, Pennsylvania, United States","Children's Hospital of Philadelphia, Philadelphia",Children's Hospital of Philadelphia,Roberta A. Ballard,Philadelphia,528.0,0.359212402,1.0,Pennsylvania,528.0,61.13307138,,,,,,,,,,,,,0.0
108,"Tisch Hospital, New York, New York, United States","Tisch Hospital, New York",Tisch Hospital,"Beno Oppenheimer, MD",New York,761.0,0.330219043,0.0,New York,761.0,52.16979281,,,,,,,,,,,,,0.0
114,"Childrens Hospital and Clinics of MN - St. Paul, St. Paul, Minnesota, United States","Childrens Hospital and Clinics of MN - St. Paul, St. Paul",Childrens Hospital and Clinics of MN - St. Paul,"Andrea Lampland, MD",Ramsey,0.0,0.220875926,1.0,Minnesota,135.0,18.36643743,,,,,,,,,,,,,0.0
110,"M D Anderson Cancer Center, Houston, Texas, United States","M D Anderson Cancer Center, Houston",M D Anderson Cancer Center,Amanda Olson,Harris,918.0,0.290090595,0.0,Texas,918.0,39.76410852,,,,,,,,,,,,,0.0
109,"Columbia University Medical Center, New York, New York, United States","Columbia University Medical Center, New York",Columbia University Medical Center,"David H Chong, MD",New York,761.0,0.330219043,0.0,New York,761.0,52.16979281,,,,,,,,,,,,,0.0
119,"McKay-Dee Hospital Center, Ogden, Utah, United States","McKay-Dee Hospital Center, Ogden",McKay-Dee Hospital Center,"Robert D. Christensen, MD",Weber,64.0,0.194564555,1.0,Utah,64.0,10.23229375,,,,,,,,,,,,,0.0
106,"Altman Clinical and Translational Research Institute, University of California, San Diego, San Diego, California, United States","Altman Clinical and Translational Research Institute, University of California",Altman Clinical and Translational Research Institute,,San Diego,570.0,0.184924401,2.0,California,570.0,7.252046248,,,,,,,,,,,,,0.0
104,"Emory University affiliated newborn intensive care units, Atlanta, Georgia, United States","Emory University affiliated newborn intensive care units, Atlanta",Emory University affiliated newborn intensive care units,"Lucky Jain, M.D.",DeKalb,4.0,0.359792718,1.0,Georgia,168.0,61.31247571,,,,,,,,,,,,,0.0
103,"Kapiolani Medical Center for Women and Children, Honolulu, Hawaii, United States","Kapiolani Medical Center for Women and Children, Honolulu",Kapiolani Medical Center for Women and Children,"Taylor Sawyer, DO",Honolulu,148.0,,1.0,Hawaii,148.0,,,,,,,,,,,,,,0.0
102,"St. Louis Children's Hospital, Saint Louis, Missouri, United States","St. Louis Children's Hospital, Saint Louis",St. Louis Children's Hospital,"F. S. Cole, M.D.",,,,1.0,Missouri,,,,,,,,,,,,,,,0.0
100,"Sharp Mary Birch Hospital for Women & Newborns, San Diego, California, United States","Sharp Mary Birch Hospital for Women & Newborns, San Diego",Sharp Mary Birch Hospital for Women & Newborns,"Anup Katheria, MD",San Diego,570.0,0.184924401,1.0,California,570.0,7.252046248,,,,,,,,,,,,,0.0
98,"Icahn School of Medicine at Mount Sinai, New York, New York, United States","Icahn School of Medicine at Mount Sinai, New York",Icahn School of Medicine at Mount Sinai,"Abhishek Makkar, MD",Nassau,761.0,,2.0,New York,761.0,,,,,,,,,,,,,,0.0
118,"Venkatakrishna Kakkilaya, Dallas, Texas, United States","Venkatakrishna Kakkilaya, Dallas",Venkatakrishna Kakkilaya,"Venkatakrishna Kakkilaya, MBBS",Dallas,614.0,0.293183356,0.0,Texas,614.0,40.72023363,,,,,,,,,,,,,0.0
120,"Children's Hospital Boston, Boston, Massachusetts, United States","Children's Hospital Boston, Boston",Children's Hospital Boston,,Suffolk,281.0,0.317766372,1.0,Massachusetts,447.0,48.32005745,,,,,,,,,,,,,0.0
132,"Christina Barkauskas, Durham, North Carolina, United States","Christina Barkauskas, Durham",Christina Barkauskas,"Christina Barkauskas, MD",Durham,148.0,0.353514251,0.0,North Carolina,148.0,59.37149161,,,,,,,,,,,,,0.0
141,"University of California San Francisco Medical Center, San Francisco, California, United States","University of California San Francisco Medical Center, San Francisco",University of California San Francisco Medical Center,,,,,3.0,California,337.0,,,,,,,,,,,,,,0.0
140,"Children's Hospital and Clinics of Minnesota, Minneapolis, Minnesota, United States","Children's Hospital and Clinics of Minnesota, Minneapolis",Children's Hospital and Clinics of Minnesota,"Mark C Mammel, MD",Cass,0.0,0.329913391,1.0,Minnesota,0.0,52.07530069,,,,,,,,,,,,,0.0
139,"Emory University Hospital, Atlanta, Georgia, United States","Emory University Hospital, Atlanta",Emory University Hospital,"Maxwell Weinmann, MD",DeKalb,4.0,0.359792718,1.0,Georgia,168.0,61.31247571,,,,,,,,,,,,,0.0
138,"University of Texas Medical Branch in Galveston, Galveston, Texas, United States","University of Texas Medical Branch in Galveston, Galveston",University of Texas Medical Branch in Galveston,"Antonio Saad, MD",Galveston,26.0,0.294301711,0.0,Texas,26.0,41.06597237,,,,,,,,,,,,,0.0
134,"Detroit Medical Ceter, Detroit, Michigan, United States","Detroit Medical Ceter, Detroit",Detroit Medical Ceter,"Maurice Recanati, MD",Wayne,0.0,0.372694747,0.0,Michigan,586.0,65.3011298,,,,,,,,,,,,,0.0
130,"Johns Hopkins University - Charlotte Bloomberg Children's Center, Baltimore, Maryland, United States","Johns Hopkins University - Charlotte Bloomberg Children's Center, Baltimore",Johns Hopkins University - Charlotte Bloomberg Children's Center,"Martha AQ Curley, RN, PhD",,,,2.0,Maryland,,,,,,,,,,,,,,,0.0
129,"The Hospital of the University of Pennsylvania, Phialdelphia, Pennsylvania, United States","The Hospital of the University of Pennsylvania, Phialdelphia",The Hospital of the University of Pennsylvania,"Ann-Johanna Giaccone, MD",Philadelphia,528.0,0.359212402,1.0,Pennsylvania,528.0,61.13307138,,,,,,,,,,,,,0.0
128,"The University of Chicago, Comer Children's Hospital,, Chicago, Illinois, United States","The University of Chicago, Comer Children's Hospital",The University of Chicago,"Michael D Schreiber, M.D.",Cook,0.0,0.319824519,1.0,Illinois,1606.0,48.9563323,,,,,,,,,,,,,0.0
126,"UMDNJ/University Hospital, Newark, New Jersey, United States","UMDNJ/University Hospital, Newark",UMDNJ/University Hospital,"Ellise Delphin, MD",Essex,7.0,0.336131483,0.0,New Jersey,267.0,53.99761989,,,,,,,,,,,,,0.0
122,"Veterans Affairs Medical Center - Northport, Northport, New York, United States","Veterans Affairs Medical Center - Northport, Northport",Veterans Affairs Medical Center - Northport,Sami I. Said,Suffolk,281.0,0.317766372,1.0,New York,281.0,48.32005745,,,,,,,,,,,,,0.0
383,"Children's Hospital Colorado/University of Colorado Denver, Aurora, Colorado, United States","Singing River, Mississippi","Singing River, Mississippi",S Ijal Babar,Jackson,504.0,,2.0,Mississippi,504.0,97.36842,,,,,,,,,,,,,0.0
